{
    "building_value": 7133184,
    "num_stories": 4,
    "total_area_sf": 4608,
    "area_per_story_sf": [
        4608,
        4608,
        4608,
        4608
    ],
    "ht_per_story_ft": [
        10,
        10,
        10,
        10
    ],
    "edge_lengths": [
        [
            96,
            48
        ],
        [
            96,
            48
        ],
        [
            96,
            48
        ],
        [
            96,
            48
        ]
    ],
    "struct_bay_area_per_story": [
        100,
        100,
        100,
        100
    ],
    "num_entry_doors": 2,
    "num_elevators": 1,
    "stairs_per_story": [
        2,
        2,
        2,
        2
    ],
    "occupants_per_story": [
        14.284799999999999,
        14.284799999999999,
        14.284799999999999,
        14.284799999999999
    ]
}