{
    "building_value": 14266368.0,
    "num_stories": 4,
    "total_area_sf": 9216.0,
    "area_per_story_sf": [
        9216.0,
        9216.0,
        9216.0,
        9216.0
    ],
    "ht_per_story_ft": [
        10,
        10,
        10,
        10
    ],
    "edge_lengths": [
        [
            96.0,
            96.0
        ],
        [
            96.0,
            96.0
        ],
        [
            96.0,
            96.0
        ],
        [
            96.0,
            96.0
        ]
    ],
    "struct_bay_area_per_story": [
        100,
        100,
        100,
        100
    ],
    "num_entry_doors": 2,
    "num_elevators": 1,
    "stairs_per_story": [
        2,
        2,
        2,
        2
    ],
    "occupants_per_story": [
        28.569599999999998,
        28.569599999999998,
        28.569599999999998,
        28.569599999999998
    ]
}